economy,code,wb_region,income_group
Angola,AGO,Sub-Saharan Africa,Lower middle income
Armenia,ARM,Europe & Central Asia,Upper middle income
Azerbaijan,AZE,Europe & Central Asia,Upper middle income
Bahrain,BHR,Middle East & North Africa,High income
Bangladesh,BGD,South Asia,Lower middle income
Barbados,BRB,Latin America & Caribbean,High income
Belgium,BEL,Europe & Central Asia,High income
Benin,BEN,Sub-Saharan Africa,Lower middle income
Bhutan,BTN,South Asia,Lower middle income
Bosnia and Herzegovina,BIH,Europe & Central Asia,Upper middle income
Botswana,BWA,Sub-Saharan Africa,Upper middle income
Bulgaria,BGR,Europe & Central Asia,High income
Burkina Faso,BFA,Sub-Saharan Africa,Low income
Cabo Verde,CPV,Sub-Saharan Africa,Upper middle income
Cambodia,KHM,East Asia & Pacific,Lower middle income
Cameroon,CMR,Sub-Saharan Africa,Lower middle income
Canada,CAN,North America,High income
Central African Republic,CAF,Sub-Saharan Africa,Low income
Chad,TCD,Sub-Saharan Africa,Low income
Colombia,COL,Latin America & Caribbean,Upper middle income
"Congo, Dem. Rep.",COD,Sub-Saharan Africa,Low income
"Congo, Rep.",COG,Sub-Saharan Africa,Lower middle income
Costa Rica,CRI,Latin America & Caribbean,High income
Côte d'Ivoire,CIV,Sub-Saharan Africa,Lower middle income
Croatia,HRV,Europe & Central Asia,High income
Cyprus,CYP,Europe & Central Asia,High income
Czechia,CZE,Europe & Central Asia,High income
Ecuador,ECU,Latin America & Caribbean,Upper middle income
El Salvador,SLV,Latin America & Caribbean,Upper middle income
Equatorial Guinea,GNQ,Sub-Saharan Africa,Upper middle income
Estonia,EST,Europe & Central Asia,High income
Eswatini,SWZ,Sub-Saharan Africa,Lower middle income
"Gambia, The",GMB,Sub-Saharan Africa,Low income
Georgia,GEO,Europe & Central Asia,Upper middle income
Ghana,GHA,Sub-Saharan Africa,Lower middle income
Greece,GRC,Europe & Central Asia,High income
"Hong Kong SAR, China",HKG,East Asia & Pacific,High income
Hungary,HUN,Europe & Central Asia,High income
Iceland,ISL,Europe & Central Asia,High income
Indonesia,IDN,East Asia & Pacific,Upper middle income
Ireland,IRL,Europe & Central Asia,High income
Israel,ISR,Middle East & North Africa,High income
Italy,ITA,Europe & Central Asia,High income
Jamaica,JAM,Latin America & Caribbean,Upper middle income
Jordan,JOR,Middle East & North Africa,Upper middle income
Kazakhstan,KAZ,Europe & Central Asia,Upper middle income
"Korea, Rep.",KOR,East Asia & Pacific,High income
Kyrgyz Republic,KGZ,Europe & Central Asia,Lower middle income
Lao PDR,LAO,East Asia & Pacific,Lower middle income
Latvia,LVA,Europe & Central Asia,High income
Lesotho,LSO,Sub-Saharan Africa,Lower middle income
Madagascar,MDG,Sub-Saharan Africa,Low income
Malaysia,MYS,East Asia & Pacific,Upper middle income
Mali,MLI,Sub-Saharan Africa,Low income
Malta,MLT,Middle East & North Africa,High income
Mauritius,MUS,Sub-Saharan Africa,Upper middle income
Mexico,MEX,Latin America & Caribbean,Upper middle income
Moldova,MDA,Europe & Central Asia,Upper middle income
Montenegro,MNE,Europe & Central Asia,Upper middle income
Morocco,MAR,Middle East & North Africa,Lower middle income
Namibia,NAM,Sub-Saharan Africa,Lower middle income
Nepal,NPL,South Asia,Lower middle income
New Zealand,NZL,East Asia & Pacific,High income
North Macedonia,MKD,Europe & Central Asia,Upper middle income
Pakistan,PAK,Middle East & North Africa,Lower middle income
Papua New Guinea,PNG,East Asia & Pacific,Lower middle income
Paraguay,PRY,Latin America & Caribbean,Upper middle income
Peru,PER,Latin America & Caribbean,Upper middle income
Philippines,PHL,East Asia & Pacific,Upper middle income
Poland,POL,Europe & Central Asia,High income
Portugal,PRT,Europe & Central Asia,High income
Romania,ROU,Europe & Central Asia,High income
Rwanda,RWA,Sub-Saharan Africa,Low income
Samoa,WSM,East Asia & Pacific,Upper middle income
Senegal,SEN,Sub-Saharan Africa,Lower middle income
Serbia,SRB,Europe & Central Asia,Upper middle income
Seychelles,SYC,Sub-Saharan Africa,High income
Sierra Leone,SLE,Sub-Saharan Africa,Low income
Singapore,SGP,East Asia & Pacific,High income
Slovak Republic,SVK,Europe & Central Asia,High income
Slovenia,SVN,Europe & Central Asia,High income
South Sudan,SSD,Sub-Saharan Africa,Low income
Spain,ESP,Europe & Central Asia,High income
Sweden,SWE,Europe & Central Asia,High income
"Taiwan, China",TWN,East Asia & Pacific,High income
Tajikistan,TJK,Europe & Central Asia,Lower middle income
Tanzania,TZA,Sub-Saharan Africa,Lower middle income
Timor-Leste,TLS,East Asia & Pacific,Lower middle income
Togo,TGO,Sub-Saharan Africa,Lower middle income
Tonga,TON,East Asia & Pacific,Upper middle income
Trinidad and Tobago,TTO,Latin America & Caribbean,High income
Tunisia,TUN,Middle East & North Africa,Lower middle income
Türkiye,TUR,Europe & Central Asia,Upper middle income
Turkmenistan,TKM,Europe & Central Asia,Upper middle income
United Kingdom,GBR,Europe & Central Asia,High income
United States,USA,North America,High income
Uruguay,URY,Latin America & Caribbean,High income
Uzbekistan,UZB,Europe & Central Asia,Lower middle income
Vanuatu,VUT,East Asia & Pacific,Lower middle income
Viet Nam,VNM,East Asia & Pacific,Upper middle income
West Bank and Gaza,PSE,Middle East & North Africa,Lower middle income
